{
  "training_samples": 1199,
  "rf_accuracy": 0.9333333333333333,
  "dl_accuracy": 0.9416666626930237,
  "label_classes": [
    "H1",
    "H2",
    "H3",
    "H4",
    "TEXT"
  ],
  "feature_dimensions": 1009
}